{"options":{},"indexes":[{"v":NumberInt(1),"key":{"_id":NumberInt(1)},"name":"_id_","ns":"lj.umbraMatches"},{"v":NumberInt(1),"key":{"complete":NumberInt(1)},"name":"complete_1","ns":"lj.umbraMatches","background":true},{"v":NumberInt(1),"key":{"hash":NumberInt(1)},"name":"hash_1","ns":"lj.umbraMatches","background":true},{"v":NumberInt(1),"key":{"random":NumberInt(1)},"name":"random_1","ns":"lj.umbraMatches","background":true},{"v":NumberInt(1),"key":{"uri":NumberInt(1)},"name":"uri_1","ns":"lj.umbraMatches","background":true}]}